index,ID,DATE,TO USER ACCOUNT,FROM USER ACCOUNT,REASON,SCORE 1,SCORE 2,SCORE 3,SCORE 4,DUPLICATE ID 1,DUPLICATE ID 2,DUPLICATE ID 3,DUPLICATE ID 4,DISMISSED 1,DISMISSED 2,DISMISSED 3,DISMISSED 4,QUANTIFIER 1 USERNAME,QUANTIFIER 2 USERNAME,QUANTIFIER 3 USERNAME,QUANTIFIER 4 USERNAME,AVG SCORE,SPREAD
2,63c5ad904287630828df0805,2023-01-16T20:03:28.823Z,r-x-x#8344,GideonRo#3175,for doing a massive amount of work to move our Dune dashboard over to the latest version fo Dune. This entailed rewriting of a large number of queries. He also did a nice refactoring of the UI to make our analytics much easier to understand. Quantifiers: this was a lot of work. Please quantify accordingly.,13,144,13,144,,,,,False,False,False,False,EFRA#7972,Maxwe11#7157,miguelb#5176,divine_comedian#5493,78.5,131
3,63c5b0144287630828df0814,2023-01-16T20:14:12.951Z,acidlazzer#5796,divine_comedian#5493,for designing this really cool quantifier robot themed Noun avatar!,8,21,34,55,,63c599324287630828df07e7,,63c599324287630828df07e7,False,False,False,False,EFRA#7972,Maxwe11#7157,miguelb#5176,divine_comedian#5493,12.4,47
0,63c599324287630828df07e7,2023-01-16T18:36:34.502Z,acidlazzer#5796,enti#1546,"for designing TEC traits for Public Nouns, loving them!",13,21,21,55,,,,,False,False,False,False,EFRA#7972,Maxwe11#7157,miguelb#5176,divine_comedian#5493,27.5,42
1,63c5aae54287630828df07f6,2023-01-16T19:52:05.897Z,r-x-x#8344,GideonRo#3175,for securing admin access to the TEC's account on LinkedIn and doing a little cleanup there.,13,13,13,55,,,,,False,False,False,False,EFRA#7972,Maxwe11#7157,miguelb#5176,divine_comedian#5493,23.5,42
6,63d3977586f591dd748e04b8,2023-01-27T09:20:53.415Z,BiancaGadelha#2667,innov8tor3#3988,"for always listening, always being supportive, always willing to offer suggestions, and for practical suggestions that have targeted meaning and value. She's a great example to many in Discord and DAOs in general. Gravity and Gravitons have a lot to offer in such settings.",34,13,8,13,,,,,False,False,False,False,EFRA#7972,Maxwe11#7157,miguelb#5176,divine_comedian#5493,17.0,26
7,63d63df986f591dd748e04c7,2023-01-29T09:35:53.617Z,GideonRo#3175,innov8tor3#3988,"for stepping up into support roles for folk enquiring in the #💬｜general channel, because it's such an important first step for folks arriving and seeking direction and knowledge. Thank you.",13,13,8,34,,,,,False,False,False,False,EFRA#7972,Maxwe11#7157,miguelb#5176,divine_comedian#5493,17.0,26
8,63d63dfa86f591dd748e04ce,2023-01-29T09:35:54.233Z,natesuits#4789,innov8tor3#3988,"for stepping up into support roles for folk enquiring in the #💬｜general channel, because it's such an important first step for folks arriving and seeking direction and knowledge. Thank you.",13,13,8,34,,,,,False,False,False,False,EFRA#7972,Maxwe11#7157,miguelb#5176,divine_comedian#5493,17.0,26
4,63c5b0664287630828df0823,2023-01-16T20:15:34.578Z,enti#1546,divine_comedian#5493,"for doing an amazing job leading the TEA Latam study group! I hear nothing but high praise from my latam circle about his consistency and quality. Thanks so much for your great work, passing the praise along :)",21,21,13,34,,,,,False,False,False,False,EFRA#7972,Maxwe11#7157,miguelb#5176,divine_comedian#5493,22.25,21
5,63cf764c86f591dd748e04a9,2023-01-24T06:10:20.596Z,Marathonmind#3078,acidlazzer#5796,for the nice work and commitment making the curation service threads for twitter!,13,13,13,21,,,,,False,False,False,False,EFRA#7972,Maxwe11#7157,miguelb#5176,divine_comedian#5493,15.0,8
