ID,DATE,TO USER ACCOUNT,TO USER ACCOUNT ID,TO ETH ADDRESS,FROM USER ACCOUNT,FROM USER ACCOUNT ID,FROM ETH ADDRESS,REASON,SOURCE ID,SOURCE NAME,SCORE 1,SCORE 2,SCORE 3,SCORE 4,DUPLICATE ID 1,DUPLICATE ID 2,DUPLICATE ID 3,DUPLICATE ID 4,DISMISSED 1,DISMISSED 2,DISMISSED 3,DISMISSED 4,QUANTIFIER 1 USERNAME,QUANTIFIER 1 ETH ADDRESS,QUANTIFIER 2 USERNAME,QUANTIFIER 2 ETH ADDRESS,QUANTIFIER 3 USERNAME,QUANTIFIER 3 ETH ADDRESS,QUANTIFIER 4 USERNAME,QUANTIFIER 4 ETH ADDRESS,AVG SCORE,PERCENTAGE,TOKEN TO RECEIVE
63c599324287630828df07e7,2023-01-16T18:36:34.502Z,acidlazzer#5796,621f79d095a79aa51435b5c8,0x8aA27E90E139d5AB5704df69429341cbCb2d2464,enti#1546,6220d93f95a79aa51436be5e,0x6897aBe0fD62B589260784B21F4ca3F78A0D8017,"for designing TEC traits for Public Nouns, loving them!",DISCORD:810180621930070088:810180622336262195,DISCORD:Token%20Engineering%20Commons:%F0%9F%99%8F%EF%BD%9Cpraise,13,21,21,55,,,,,False,False,False,False,EFRA#7972,0x438cDDcc8E6f0E0E18CE33F6b5a8fFCFAb5A999c,Maxwe11#7157,0x3F20a6fE04b3A4b37bBBBea826ae23be56Baed74,miguelb#5176,0x7311b7bf2f004b8070efAf4A130348EEB18EF369,divine_comedian#5493,0x320c338BCF70bAAaE26e96201C33B48105Bc62C2,27.5,0.11948729089724093,2.869850173799696
63c5aae54287630828df07f6,2023-01-16T19:52:05.897Z,r-x-x#8344,62719c82d6f46f43ffe0ce96,0x1409a9ef3450D5d50aAd004f417436e772FbF8fC,GideonRo#3175,621f79d595a79aa51435c5ff,0xB08F0ca73E8A59a1b7970e22B8ed2F9142c3fA53,for securing admin access to the TEC's account on LinkedIn and doing a little cleanup there.,DISCORD:810180621930070088:1055952664892022925,DISCORD:Token%20Engineering%20Commons:%F0%9F%90%9D%EF%BD%9Ccoordinators%20%2F%20Praise!%20-%20Coordination,13,13,13,55,,,,,False,False,False,False,EFRA#7972,0x438cDDcc8E6f0E0E18CE33F6b5a8fFCFAb5A999c,Maxwe11#7157,0x3F20a6fE04b3A4b37bBBBea826ae23be56Baed74,miguelb#5176,0x7311b7bf2f004b8070efAf4A130348EEB18EF369,divine_comedian#5493,0x320c338BCF70bAAaE26e96201C33B48105Bc62C2,23.5,0.10210732131218771,2.452417421247013
63c5ad904287630828df0805,2023-01-16T20:03:28.823Z,r-x-x#8344,62719c82d6f46f43ffe0ce96,0x1409a9ef3450D5d50aAd004f417436e772FbF8fC,GideonRo#3175,621f79d595a79aa51435c5ff,0xB08F0ca73E8A59a1b7970e22B8ed2F9142c3fA53,for doing a massive amount of work to move our Dune dashboard over to the latest version fo Dune. This entailed rewriting of a large number of queries. He also did a nice refactoring of the UI to make our analytics much easier to understand. Quantifiers: this was a lot of work. Please quantify accordingly.,DISCORD:810180621930070088:810180622336262195,DISCORD:Token%20Engineering%20Commons:%F0%9F%99%8F%EF%BD%9Cpraise,13,144,13,144,,,,,False,False,False,False,EFRA#7972,0x438cDDcc8E6f0E0E18CE33F6b5a8fFCFAb5A999c,Maxwe11#7157,0x3F20a6fE04b3A4b37bBBBea826ae23be56Baed74,miguelb#5176,0x7311b7bf2f004b8070efAf4A130348EEB18EF369,divine_comedian#5493,0x320c338BCF70bAAaE26e96201C33B48105Bc62C2,78.5,0.3410819031066696,8.192117768846405
63c5b0144287630828df0814,2023-01-16T20:14:12.951Z,acidlazzer#5796,621f79d095a79aa51435b5c8,0x8aA27E90E139d5AB5704df69429341cbCb2d2464,divine_comedian#5493,621f79cf95a79aa51435b4cc,0x320c338BCF70bAAaE26e96201C33B48105Bc62C2,for designing this really cool quantifier robot themed Noun avatar!,DISCORD:810180621930070088:810180622336262195,DISCORD:Token%20Engineering%20Commons:%F0%9F%99%8F%EF%BD%9Cpraise,8,0,34,0,,63c599324287630828df07e7,,63c599324287630828df07e7,False,False,False,False,EFRA#7972,0x438cDDcc8E6f0E0E18CE33F6b5a8fFCFAb5A999c,Maxwe11#7157,0x3F20a6fE04b3A4b37bBBBea826ae23be56Baed74,miguelb#5176,0x7311b7bf2f004b8070efAf4A130348EEB18EF369,divine_comedian#5493,0x320c338BCF70bAAaE26e96201C33B48105Bc62C2,12.4,0.053877905713665,1.2940415329133172
63c5b0664287630828df0823,2023-01-16T20:15:34.578Z,enti#1546,6220d93f95a79aa51436be5e,0x6897aBe0fD62B589260784B21F4ca3F78A0D8017,divine_comedian#5493,621f79cf95a79aa51435b4cc,0x320c338BCF70bAAaE26e96201C33B48105Bc62C2,"for doing an amazing job leading the TEA Latam study group! I hear nothing but high praise from my latam circle about his consistency and quality. Thanks so much for your great work, passing the praise along :)",DISCORD:810180621930070088:810180622336262195,DISCORD:Token%20Engineering%20Commons:%F0%9F%99%8F%EF%BD%9Cpraise,21,21,13,34,,,,,False,False,False,False,EFRA#7972,0x438cDDcc8E6f0E0E18CE33F6b5a8fFCFAb5A999c,Maxwe11#7157,0x3F20a6fE04b3A4b37bBBBea826ae23be56Baed74,miguelb#5176,0x7311b7bf2f004b8070efAf4A130348EEB18EF369,divine_comedian#5493,0x320c338BCF70bAAaE26e96201C33B48105Bc62C2,22.25,0.09667608081685856,2.3219696860742993
63cf764c86f591dd748e04a9,2023-01-24T06:10:20.596Z,Marathonmind#3078,63b5e810ef905c1d9bee86a0,0x721bA19c32051Fd8e851a74958C52936516c7fDC,acidlazzer#5796,621f79d095a79aa51435b5c8,0x8aA27E90E139d5AB5704df69429341cbCb2d2464,for the nice work and commitment making the curation service threads for twitter!,DISCORD:810180621930070088:810180622336262195,DISCORD:Token%20Engineering%20Commons:%F0%9F%99%8F%EF%BD%9Cpraise,13,13,13,21,,,,,False,False,False,False,EFRA#7972,0x438cDDcc8E6f0E0E18CE33F6b5a8fFCFAb5A999c,Maxwe11#7157,0x3F20a6fE04b3A4b37bBBBea826ae23be56Baed74,miguelb#5176,0x7311b7bf2f004b8070efAf4A130348EEB18EF369,divine_comedian#5493,0x320c338BCF70bAAaE26e96201C33B48105Bc62C2,15.0,0.0651748859439496,1.5653728220725613
63d3977586f591dd748e04b8,2023-01-27T09:20:53.415Z,BiancaGadelha#2667,621f79dc95a79aa51435dc5a,0x1375847014BA64517210cBFE185808232Cf45d4a,innov8tor3#3988,621f79d195a79aa51435b94e,0xBCAD90F4a1ED4067d9bC33D4089FF18A82250253,"for always listening, always being supportive, always willing to offer suggestions, and for practical suggestions that have targeted meaning and value. She's a great example to many in Discord and DAOs in general. Gravity and Gravitons have a lot to offer in such settings.",DISCORD:810180621930070088:810180622479917065,DISCORD:Token%20Engineering%20Commons:%F0%9F%95%8A%EF%BD%9Cgravity-talk,34,13,8,13,,,,,False,False,False,False,EFRA#7972,0x438cDDcc8E6f0E0E18CE33F6b5a8fFCFAb5A999c,Maxwe11#7157,0x3F20a6fE04b3A4b37bBBBea826ae23be56Baed74,miguelb#5176,0x7311b7bf2f004b8070efAf4A130348EEB18EF369,divine_comedian#5493,0x320c338BCF70bAAaE26e96201C33B48105Bc62C2,17.0,0.07386487073647621,1.7740891983489029
63d63df986f591dd748e04c7,2023-01-29T09:35:53.617Z,GideonRo#3175,621f79d595a79aa51435c5ff,0xB08F0ca73E8A59a1b7970e22B8ed2F9142c3fA53,innov8tor3#3988,621f79d195a79aa51435b94e,0xBCAD90F4a1ED4067d9bC33D4089FF18A82250253,"for stepping up into support roles for folk enquiring in the #💬｜general channel, because it's such an important first step for folks arriving and seeking direction and knowledge. Thank you.",DISCORD:810180621930070088:810180622165213218,DISCORD:Token%20Engineering%20Commons:%F0%9F%92%AC%EF%BD%9Cgeneral,13,13,8,34,,,,,False,False,False,False,EFRA#7972,0x438cDDcc8E6f0E0E18CE33F6b5a8fFCFAb5A999c,Maxwe11#7157,0x3F20a6fE04b3A4b37bBBBea826ae23be56Baed74,miguelb#5176,0x7311b7bf2f004b8070efAf4A130348EEB18EF369,divine_comedian#5493,0x320c338BCF70bAAaE26e96201C33B48105Bc62C2,17.0,0.07386487073647621,1.7740891983489029
63d63dfa86f591dd748e04ce,2023-01-29T09:35:54.233Z,natesuits#4789,621f79cf95a79aa51435b2f7,0x66dF5A7715C5D4AfbBFA52435c66aa20733be0d1,innov8tor3#3988,621f79d195a79aa51435b94e,0xBCAD90F4a1ED4067d9bC33D4089FF18A82250253,"for stepping up into support roles for folk enquiring in the #💬｜general channel, because it's such an important first step for folks arriving and seeking direction and knowledge. Thank you.",DISCORD:810180621930070088:810180622165213218,DISCORD:Token%20Engineering%20Commons:%F0%9F%92%AC%EF%BD%9Cgeneral,13,13,8,34,,,,,False,False,False,False,EFRA#7972,0x438cDDcc8E6f0E0E18CE33F6b5a8fFCFAb5A999c,Maxwe11#7157,0x3F20a6fE04b3A4b37bBBBea826ae23be56Baed74,miguelb#5176,0x7311b7bf2f004b8070efAf4A130348EEB18EF369,divine_comedian#5493,0x320c338BCF70bAAaE26e96201C33B48105Bc62C2,17.0,0.07386487073647621,1.7740891983489029
